<?xml version="1.0" encoding="UTF-8"?>
<beans xmlns="http://www.springframework.org/schema/beans"
	xmlns:xsi="http://www.w3.org/2001/XMLSchema-instance"
	xmlns:context="http://www.springframework.org/schema/context"
	xmlns:mvc="http://www.springframework.org/schema/mvc"
	xsi:schemaLocation="http://www.springframework.org/schema/mvc http://www.springframework.org/schema/mvc/spring-mvc-4.3.xsd
		http://www.springframework.org/schema/beans http://www.springframework.org/schema/beans/spring-beans.xsd
		http://www.springframework.org/schema/context http://www.springframework.org/schema/context/spring-context-4.3.xsd">

	<context:component-scan base-package="com.springbook.view"></context:component-scan>
	
	<bean id="multipartResolver"  class="org.springframework.web.multipart.commons.CommonsMultipartResolver">
		<!-- <property name="maxUploadSize" value="1000000"></property> -->
	</bean>
	
	<mvc:annotation-driven></mvc:annotation-driven>
</beans>
