<?xml version="1.0" encoding="UTF-8"?>
<beans xmlns="http://www.springframework.org/schema/beans"
	xmlns:xsi="http://www.w3.org/2001/XMLSchema-instance"
	xmlns:context="http://www.springframework.org/schema/context"
	xmlns:mybatis-spring="http://mybatis.org/schema/mybatis-spring"
	xsi:schemaLocation="http://mybatis.org/schema/mybatis-spring http://mybatis.org/schema/mybatis-spring-1.2.xsd
		http://www.springframework.org/schema/beans https://www.springframework.org/schema/beans/spring-beans.xsd
		http://www.springframework.org/schema/context http://www.springframework.org/schema/context/spring-context-4.3.xsd">
	
	<!-- HikariCP 설정 객체 생성 -->
	<!-- id 객체를 생성하지 않으면  HikariConfig(hikariConfig) 자동 지정 -->
	<bean  id="hikariConfig" class="com.zaxxer.hikari.HikariConfig"> 
		<!-- <property name="driverClassName"  value="oracle.jdbc.driver.OracleDriver" /> --> 
		<property name="driverClassName"  value="net.sf.log4jdbc.sql.jdbcapi.DriverSpy" /> 
		<!-- setter 방식 주입  setDriverClassName-->
		<property name="jdbcUrl"  value="jdbc:log4jdbc:oracle:thin:@localhost:1521:xe" />
		<property name="username" value="book2" />
		<property name="password" value="1234" />
	</bean>
	
	<!-- HikariCp로 데이타 가져오기(dataSource) 객체 생성 -->
	<bean  id = "dataSource" class="com.zaxxer.hikari.HikariDataSource"  destroy-method="close">
		<constructor-arg ref="hikariConfig" />
	</bean>
	
	<!--  Mybatis와 Spring 연결 객체 -->
	<bean id="sqlSessionFactory" class="org.mybatis.spring.SqlSessionFactoryBean">
		<property name="dataSource" ref="dataSource"></property>
	</bean>
	
	<mybatis-spring:scan base-package="org.zerock.mapper" />
	<context:component-scan base-package="org.zerock.service">
	</context:component-scan>
</beans>
