<?xml version="1.0" encoding="UTF-8" ?>
<!DOCTYPE mapper
  PUBLIC "-//mybatis.org//DTD Mapper 3.0//EN"
  "http://mybatis.org/dtd/mybatis-3-mapper.dtd">
  
<mapper namespace="org.zerock.mapper.BoardMapper">
  
  <sql id="Criterial">
  		<trim prefix="(" suffix=") and">
			     	<foreach collection="typeArr" item="type" separator="or">
			     		<if test="type=='T'.toString()">
			     			title like #{keyword}
			     		</if>
			     		<if test="type=='C'.toString()">
			     			content like #{keyword}
			     		</if>
			     		<if test="type=='W'.toString()">
			     			writer like #{keyword}
			     		</if>
			     	</foreach>
		   </trim>
  </sql>	
	
  <select id="getList" resultType="org.zerock.domain.BoardVO">
    select * from tbl_board where bno>0 ORDER BY BNO DESC
  </select>
  
  <select id="read"  resultType="org.zerock.domain.BoardVO">
  	select * from tbl_board where bno = #{bno}
  </select>
  
  <delete id="delete">
  	delete from tbl_board where bno=#{bno}
  </delete>
  
  <insert id="insert" >
  		insert into TBL_BOARD(bno, title, content, writer)
		values(seq_board.nextval, #{title}, #{content}, #{writer})
  </insert>
  
  <insert id="insertSelectKey" >
       
       <selectKey keyProperty="bno" order="BEFORE" resultType="long">
       		select seq_board.nextval from dual
       </selectKey>
  
  		insert into TBL_BOARD(bno, title, content, writer)
		values(#{bno}, #{title}, #{content}, #{writer})
  </insert>
  
  <update id="update" >
  	update tbl_board
	set title=#{title},
	content = #{content},
	writer = #{writer},
	updatedate = sysdate
	where bno = #{bno}
  </update>
  
  <select id="getListWithPagging"  resultType="org.zerock.domain.BoardVO">
  		<![CDATA[
  			 select  bno, title, content, writer, regdate, updatedate
		 	from(
	    			select /*+ index_desc(tbl_board pk_board) */ 
	    			rownum rn, bno, title, content, writer, regdate, updatedate
	    			from tbl_board 
	    	where
		 ]]>
		     	<include refid="Criterial"></include>
		     	
  		<![CDATA[
		     	ROWNUM <= #{pageNum} * #{amount} )
			where 
			rn > (#{pageNum}-1) * #{amount}
		 ]]>
  </select>
  
  
  <select id="getTotalCount"  resultType="int">
  		<![CDATA[
	  		select count(*) from tbl_board where
  		 ]]>
		     
		     <include refid="Criterial"></include>
		     	
  		<![CDATA[
	  		 bno>0
  		 ]]>
  </select>
  
  
  <!--  검색조건 -->
  <select id="searchTest"   resultType="org.zerock.domain.BoardVO">
		<![CDATA[
			select * from tbl_board
			where 
		 ]]>
		 	<trim prefix="(" suffix=") and">
				<foreach collection="map" index="key" item="val"  separator="or">
					<if test="key == 'T'.toString()">
						title like #{val}
					</if>
					<if test="key == 'C'.toString()">
						content like #{val}
					</if>
					<if test="key == 'W'.toString()">
						writer like #{val}
					</if>
				</foreach>
			</trim>			
		<![CDATA[
			rownum <10
		 ]]>
  <!-- /*+ index_desc(tbl_board pk_board) */ --> 
  </select>  
  
  
</mapper>